document_Id,Sentiment
document_01,Positive
document_02,Positive
document_03,Negative
document_04,Positive
document_05,Positive
document_06,Nuetral
document_07,Nuetral
document_08,Nuetral
document_09,Nuetral
document_10,Positive
document_11,Positive
document_12,Positive
document_13,Positive
document_14,Nuetral
document_15,Positive
document_16,Negative
document_17,Nuetral
document_18,Positive
document_19,Nuetral
document_20,Nuetral
document_21,Nuetral
document_22,Nuetral
document_23,Negative
document_24,Positive
document_25,Positive
document_26,Positive
document_27,Negative
document_28,Negative
document_29,Positive
document_30,Positive
document_31,Positive
document_32,Positive
document_33,Positive
document_34,Positive
document_35,Positive
document_36,Positive
document_37,Nuetral
document_38,Positive
document_39,Negative
document_40,Nuetral
document_41,Nuetral
document_42,Positive
document_43,Positive
document_44,Positive
document_45,Positive
document_46,Positive
document_47,Positive
document_48,Negative
document_49,Nuetral
document_50,Positive
